"","ldeaths","mdeaths","fdeaths"
"Forecast 1","1508.49238360118","1090.4524721553","435.765495921082"
"Forecast 2","1694.59043618846","1242.2375084704","482.064273718551"
"Forecast 3","1980.36419663858","1417.63994947834","571.451475938727"
"Model","HybridE","HybridE","HybridE"
"MSE","4003.69654571868","2880.79553841372","214.728719011134"
